{
  "best_val_f1": 0.896551724137931,
  "best_epoch": 64,
  "test_loss": 1.503863888184747,
  "test_acc": 0.8148148148148148,
  "test_f1": 0.8936170212765957
}