{
  "epoch": [
    1,
    2,
    3,
    4,
    5,
    6,
    7,
    8,
    9,
    10,
    11,
    12,
    13,
    14,
    15,
    16,
    17,
    18,
    19,
    20,
    21,
    22,
    23,
    24,
    25,
    26,
    27,
    28,
    29,
    30,
    31,
    32,
    33,
    34,
    35,
    36,
    37,
    38,
    39,
    40,
    41,
    42,
    43,
    44,
    45,
    46,
    47,
    48,
    49,
    50,
    51,
    52,
    53,
    54,
    55,
    56,
    57,
    58,
    59,
    60,
    61,
    62,
    63,
    64,
    65,
    66,
    67,
    68,
    69,
    70,
    71,
    72,
    73,
    74,
    75,
    76,
    77,
    78,
    79,
    80,
    81,
    82,
    83,
    84,
    85,
    86,
    87,
    88,
    89,
    90,
    91,
    92,
    93,
    94,
    95,
    96,
    97,
    98,
    99,
    100
  ],
  "train_loss": [
    0.8862661772713005,
    0.7317316062778596,
    0.6169828467282207,
    0.6031887153538721,
    0.575784696258514,
    0.5116377696696564,
    0.48104137628667265,
    0.4374157414745223,
    0.4173418394467126,
    0.4956240693657746,
    0.42325967664902026,
    0.44237592448348456,
    0.38800448830793743,
    0.3692366921226023,
    0.3549852583572449,
    0.3320616161232052,
    0.3410789064670864,
    0.30970823733128516,
    0.32319793636017,
    0.2879120338602587,
    0.32914884121492805,
    0.2687768884495571,
    0.2739996633111586,
    0.24382520372025396,
    0.2603669793077326,
    0.2680209447603356,
    0.24213840515326393,
    0.24485509028198266,
    0.20093908891372142,
    0.1813576841342303,
    0.1852767213288603,
    0.18241719922676744,
    0.16103513000404787,
    0.15686318555824186,
    0.18298800900457843,
    0.16042648529754536,
    0.1304747108294655,
    0.11162146892745485,
    0.15440529197273456,
    0.1309302913681095,
    0.1010210538306085,
    0.11947842019606336,
    0.09377935014359713,
    0.12090933295570103,
    0.10653310190124611,
    0.08076725620022307,
    0.07816330624012811,
    0.09079884322358273,
    0.10006024227700602,
    0.06776307917648723,
    0.07219336453976292,
    0.10008239623775182,
    0.08612614220019095,
    0.09518029084542261,
    0.08742305074643103,
    0.07329994258904445,
    0.07589475936605124,
    0.051344101117362664,
    0.08802440162756685,
    0.11099467277885057,
    0.061185482326661225,
    0.060543511742700416,
    0.04458513864518006,
    0.04847363507624201,
    0.05404082640486125,
    0.05840396639883428,
    0.2138958947056793,
    0.08236098332367818,
    0.04844652977654228,
    0.03385239485500433,
    0.058801704307087,
    0.03514800592597107,
    0.028774739456361137,
    0.03127798137807868,
    0.03026201487905327,
    0.04851849517101132,
    0.02676585075866536,
    0.07511591590095645,
    0.04757900059487503,
    0.04054971006727186,
    0.051516251887976254,
    0.046712980061113886,
    0.025006469901899645,
    0.020078704721991126,
    0.025449936033786473,
    0.027800183079388325,
    0.07804779840737198,
    0.017128015278748084,
    0.05727598515618466,
    0.025941915462320355,
    0.01774490090127825,
    0.013941980208740273,
    0.0210433370957764,
    0.014245124338220061,
    0.01497555494441383,
    0.05626837011551115,
    0.07435173364922919,
    0.010921395620612073,
    0.02100177775071142,
    0.02292538264822655
  ],
  "val_loss": [
    0.5746151970492469,
    0.6668018168873258,
    0.6051832371287875,
    0.6076841404040655,
    0.5970109850168228,
    0.553399168782764,
    0.5852804548210568,
    0.5652477575672997,
    0.5635829369227091,
    0.6095095260275735,
    0.52327228585879,
    0.5205711954169803,
    0.5029904875490401,
    0.550762039091852,
    0.5205807950761583,
    0.5296212964587741,
    0.5343563705682755,
    0.563430850704511,
    0.5443795041905509,
    0.5329231354925368,
    0.5747630538211929,
    0.5527891425622834,
    0.5290776722961001,
    0.5097021145953072,
    0.4874179595046573,
    0.5405433161391152,
    0.5144035120805105,
    0.5969497147533629,
    0.5135481291347079,
    0.519510899980863,
    0.5613857747779952,
    0.5239553095565902,
    0.5606407208575143,
    0.6809542957279417,
    0.5916202192505201,
    0.5439056762390666,
    0.5827374756336212,
    0.6082704919907782,
    0.5831427797675133,
    0.5762829383214315,
    0.6167320998178588,
    0.639513508313232,
    0.7410287854986058,
    0.6679637701147132,
    0.6169334774216017,
    0.729119917170869,
    0.7593303206894133,
    0.740869391295645,
    0.8897422827366326,
    0.7914060631559955,
    0.8389000956796937,
    0.906196934895383,
    1.189384790861772,
    0.6186490354852544,
    0.7477379606829749,
    0.7537918620639377,
    0.7386343884799216,
    0.815798467853003,
    1.1654104427951906,
    0.6622095563345485,
    0.6887112735874124,
    0.7784315907499857,
    0.7723694510964884,
    0.6537729300972488,
    0.979457844954191,
    0.6712675856219398,
    0.7962280328695973,
    0.5515874255862501,
    0.7094217375334766,
    0.8130499159710275,
    0.7916163872513506,
    0.9616926602191396,
    0.8635770682659414,
    0.8024371643033292,
    0.7823716472420428,
    0.8107535772853427,
    0.8209061125914255,
    0.9602396837565013,
    0.8057438418683078,
    0.7765874043107033,
    0.8364371984369225,
    0.9549804735514853,
    0.7689464845591121,
    0.8416415852391057,
    0.7554482329222891,
    0.8549004137102101,
    1.1517953023107514,
    0.9519033175375726,
    0.860675672793554,
    0.8246397416417798,
    0.9180702242689828,
    0.8961100098159578,
    1.0656684557777933,
    1.0221315571689047,
    0.8925113322006332,
    0.8649012916204002,
    0.870444741513994,
    0.803774495712585,
    0.9403400451151861,
    1.1350115457963612
  ],
  "train_acc": [
    0.708502024291498,
    0.7854251012145749,
    0.7651821862348178,
    0.8016194331983806,
    0.7773279352226721,
    0.8178137651821862,
    0.7935222672064778,
    0.8259109311740891,
    0.8421052631578947,
    0.7935222672064778,
    0.8502024291497976,
    0.8218623481781376,
    0.8380566801619433,
    0.8259109311740891,
    0.8704453441295547,
    0.8947368421052632,
    0.9068825910931174,
    0.902834008097166,
    0.9149797570850202,
    0.8906882591093117,
    0.8623481781376519,
    0.8866396761133604,
    0.9271255060728745,
    0.9311740890688259,
    0.951417004048583,
    0.9190283400809717,
    0.9392712550607287,
    0.9109311740890689,
    0.97165991902834,
    0.9676113360323887,
    0.9595141700404858,
    0.97165991902834,
    0.979757085020243,
    0.9595141700404858,
    0.9676113360323887,
    0.9838056680161943,
    0.9838056680161943,
    0.9919028340080972,
    0.9919028340080972,
    0.9878542510121457,
    0.9878542510121457,
    0.9919028340080972,
    0.9838056680161943,
    0.9959514170040485,
    0.9959514170040485,
    0.9959514170040485,
    0.9959514170040485,
    0.97165991902834,
    0.9838056680161943,
    0.9959514170040485,
    0.9959514170040485,
    0.9919028340080972,
    0.9230769230769231,
    0.9878542510121457,
    0.9959514170040485,
    1.0,
    1.0,
    0.9838056680161943,
    0.9271255060728745,
    1.0,
    1.0,
    1.0,
    1.0,
    1.0,
    0.9757085020242915,
    1.0,
    0.9635627530364372,
    1.0,
    1.0,
    1.0,
    1.0,
    0.9959514170040485,
    1.0,
    1.0,
    1.0,
    1.0,
    1.0,
    1.0,
    1.0,
    1.0,
    1.0,
    1.0,
    1.0,
    1.0,
    1.0,
    1.0,
    1.0,
    1.0,
    1.0,
    1.0,
    1.0,
    1.0,
    1.0,
    1.0,
    1.0,
    0.9919028340080972,
    1.0,
    1.0,
    1.0,
    0.9838056680161943
  ],